{"cameraMode":{"drawMode":0,"name":"Shaded","section":"Shading Mode"},"sceneLighting":true,"audioPlay":false,"sceneViewState":{"m_AlwaysRefresh":false,"showFog":true,"showSkybox":true,"showFlares":true,"showImageEffects":true,"showParticleSystems":true,"showVisualEffectGraphs":true,"m_FxEnabled":true},"in2DMode":false,"pivot":{"x":698.4964599609375,"y":260.49798583984377,"z":1.358123779296875},"rotation":{"x":0.030301904305815698,"y":0.011869264766573906,"z":-0.0027961493469774725,"w":1.000426173210144},"size":183.00901794433595,"orthographic":false}